Device number,Page name,Route,Review scope,Source-linked clarification,Verification limit
"1","Digital Thermometer","/studios/how-devices-work/medical/digital-thermometer","Operating principle, signal path, working steps, component functions and quiz","See shared learning references","Text review; not independent certification of every statement, diagram or simulation"
"2","ECG Machine","/studios/how-devices-work/medical/ecg","Operating principle, signal path, working steps, component functions and quiz","See shared learning references","Text review; not independent certification of every statement, diagram or simulation"
"3","Pulse Oximeter","/studios/how-devices-work/medical/pulse-oximeter","Operating principle, signal path, working steps, component functions and quiz","https://www.fda.gov/medical-devices/products-and-medical-procedures/pulse-oximeters","Text review; not independent certification of every statement, diagram or simulation"
"4","Digital Blood Pressure Monitor","/studios/how-devices-work/medical/digital-blood-pressure-monitor","Operating principle, signal path, working steps, component functions and quiz","See shared learning references","Text review; not independent certification of every statement, diagram or simulation"
"5","Ultrasound Scanner","/studios/how-devices-work/medical/ultrasound-scanner","Operating principle, signal path, working steps, component functions and quiz","See shared learning references","Text review; not independent certification of every statement, diagram or simulation"
"6","MRI Scanner","/studios/how-devices-work/medical/mri-scanner","Operating principle, signal path, working steps, component functions and quiz","https://www.nibib.nih.gov/science-education/science-topics/magnetic-resonance-imaging-mri","Text review; not independent certification of every statement, diagram or simulation"
"7","CT Scanner","/studios/how-devices-work/medical/ct-scanner","Operating principle, signal path, working steps, component functions and quiz","See shared learning references","Text review; not independent certification of every statement, diagram or simulation"
"8","TV Remote Control","/studios/how-devices-work/everyday/tv-remote","Operating principle, signal path, working steps, component functions and quiz","See shared learning references","Text review; not independent certification of every statement, diagram or simulation"
"9","NFC Payment System","/studios/how-devices-work/everyday/nfc-payment-system","Operating principle, signal path, working steps, component functions and quiz","https://www.emvco.com/emv-technologies/payment-tokenisation/","Text review; not independent certification of every statement, diagram or simulation"
"10","Robotic Arm","/studios/how-devices-work/robotics/robotic-arm","Operating principle, signal path, working steps, component functions and quiz","See shared learning references","Text review; not independent certification of every statement, diagram or simulation"
"11","SONAR","/studios/how-devices-work/marine/sonar","Operating principle, signal path, working steps, component functions and quiz","https://oceanservice.noaa.gov/facts/sonar.html","Text review; not independent certification of every statement, diagram or simulation"
"12","Aircraft Autopilot","/studios/how-devices-work/aviation/aircraft-autopilot","Operating principle, signal path, working steps, component functions and quiz","See shared learning references","Text review; not independent certification of every statement, diagram or simulation"
"13","Surveillance Radar","/studios/how-devices-work/defence/surveillance-radar","Operating principle, signal path, working steps, component functions and quiz","See shared learning references","Text review; not independent certification of every statement, diagram or simulation"
"14","Digital Camera","/studios/how-devices-work/everyday/digital-camera","Operating principle, signal path, working steps, component functions and quiz","See shared learning references","Text review; not independent certification of every statement, diagram or simulation"
"15","Smartphone","/studios/how-devices-work/everyday/smartphone","Operating principle, signal path, working steps, component functions and quiz","See shared learning references","Text review; not independent certification of every statement, diagram or simulation"
"16","Infrared Thermometer","/studios/how-devices-work/medical/infrared-thermometer","Operating principle, signal path, working steps, component functions and quiz","See shared learning references","Text review; not independent certification of every statement, diagram or simulation"
"17","Digital Stethoscope","/studios/how-devices-work/medical/digital-stethoscope","Operating principle, signal path, working steps, component functions and quiz","See shared learning references","Text review; not independent certification of every statement, diagram or simulation"
"18","Glucometer","/studios/how-devices-work/medical/glucometer","Operating principle, signal path, working steps, component functions and quiz","See shared learning references","Text review; not independent certification of every statement, diagram or simulation"
"19","ICU Patient Monitor","/studios/how-devices-work/medical/icu-patient-monitor","Operating principle, signal path, working steps, component functions and quiz","See shared learning references","Text review; not independent certification of every statement, diagram or simulation"
"20","Heart Rate Monitor","/studios/how-devices-work/medical/heart-rate-monitor","Operating principle, signal path, working steps, component functions and quiz","See shared learning references","Text review; not independent certification of every statement, diagram or simulation"
"21","Portable ECG","/studios/how-devices-work/medical/portable-ecg","Operating principle, signal path, working steps, component functions and quiz","See shared learning references","Text review; not independent certification of every statement, diagram or simulation"
"22","Holter Monitor","/studios/how-devices-work/medical/holter-monitor","Operating principle, signal path, working steps, component functions and quiz","See shared learning references","Text review; not independent certification of every statement, diagram or simulation"
"23","EEG Machine","/studios/how-devices-work/medical/eeg-machine","Operating principle, signal path, working steps, component functions and quiz","See shared learning references","Text review; not independent certification of every statement, diagram or simulation"
"24","EMG Machine","/studios/how-devices-work/medical/emg-machine","Operating principle, signal path, working steps, component functions and quiz","See shared learning references","Text review; not independent certification of every statement, diagram or simulation"
"25","Fetal Heart Monitor","/studios/how-devices-work/medical/fetal-heart-monitor","Operating principle, signal path, working steps, component functions and quiz","See shared learning references","Text review; not independent certification of every statement, diagram or simulation"
"26","Fetal Monitor","/studios/how-devices-work/medical/fetal-monitor","Operating principle, signal path, working steps, component functions and quiz","See shared learning references","Text review; not independent certification of every statement, diagram or simulation"
"27","Electronic Spirometer","/studios/how-devices-work/medical/electronic-spirometer","Operating principle, signal path, working steps, component functions and quiz","See shared learning references","Text review; not independent certification of every statement, diagram or simulation"
"28","Peak Flow Meter","/studios/how-devices-work/medical/peak-flow-meter","Operating principle, signal path, working steps, component functions and quiz","See shared learning references","Text review; not independent certification of every statement, diagram or simulation"
"29","Digital Weighing Scale","/studios/how-devices-work/medical/digital-weighing-scale","Operating principle, signal path, working steps, component functions and quiz","See shared learning references","Text review; not independent certification of every statement, diagram or simulation"
"30","Body Composition Analyzer","/studios/how-devices-work/medical/body-composition-analyzer","Operating principle, signal path, working steps, component functions and quiz","See shared learning references","Text review; not independent certification of every statement, diagram or simulation"
"31","X-Ray Machine","/studios/how-devices-work/medical/x-ray-machine","Operating principle, signal path, working steps, component functions and quiz","See shared learning references","Text review; not independent certification of every statement, diagram or simulation"
"32","Digital Radiography Detector","/studios/how-devices-work/medical/digital-radiography-detector","Operating principle, signal path, working steps, component functions and quiz","See shared learning references","Text review; not independent certification of every statement, diagram or simulation"
"33","Doppler Ultrasound","/studios/how-devices-work/medical/doppler-ultrasound","Operating principle, signal path, working steps, component functions and quiz","See shared learning references","Text review; not independent certification of every statement, diagram or simulation"
"34","PET Scanner","/studios/how-devices-work/medical/pet-scanner","Operating principle, signal path, working steps, component functions and quiz","https://www.nibib.nih.gov/science-education/science-topics/nuclear-medicine","Text review; not independent certification of every statement, diagram or simulation"
"35","SPECT Scanner","/studios/how-devices-work/medical/spect-scanner","Operating principle, signal path, working steps, component functions and quiz","https://www.nibib.nih.gov/science-education/science-topics/nuclear-medicine","Text review; not independent certification of every statement, diagram or simulation"
"36","Mammography System","/studios/how-devices-work/medical/mammography-system","Operating principle, signal path, working steps, component functions and quiz","See shared learning references","Text review; not independent certification of every statement, diagram or simulation"
"37","Endoscope Camera System","/studios/how-devices-work/medical/endoscope-camera-system","Operating principle, signal path, working steps, component functions and quiz","See shared learning references","Text review; not independent certification of every statement, diagram or simulation"
"38","Digital Microscope","/studios/how-devices-work/medical/digital-microscope","Operating principle, signal path, working steps, component functions and quiz","See shared learning references","Text review; not independent certification of every statement, diagram or simulation"
"39","Ventilator","/studios/how-devices-work/medical/ventilator","Operating principle, signal path, working steps, component functions and quiz","See shared learning references","Text review; not independent certification of every statement, diagram or simulation"
"40","Infusion Pump","/studios/how-devices-work/medical/infusion-pump","Operating principle, signal path, working steps, component functions and quiz","https://www.fda.gov/medical-devices/general-hospital-devices-and-supplies/infusion-pumps","Text review; not independent certification of every statement, diagram or simulation"
"41","Syringe Pump","/studios/how-devices-work/medical/syringe-pump","Operating principle, signal path, working steps, component functions and quiz","https://www.fda.gov/medical-devices/general-hospital-devices-and-supplies/infusion-pumps","Text review; not independent certification of every statement, diagram or simulation"
"42","Defibrillator","/studios/how-devices-work/medical/defibrillator","Operating principle, signal path, working steps, component functions and quiz","See shared learning references","Text review; not independent certification of every statement, diagram or simulation"
"43","AED","/studios/how-devices-work/medical/aed","Operating principle, signal path, working steps, component functions and quiz","See shared learning references","Text review; not independent certification of every statement, diagram or simulation"
"44","Pacemaker","/studios/how-devices-work/medical/pacemaker","Operating principle, signal path, working steps, component functions and quiz","See shared learning references","Text review; not independent certification of every statement, diagram or simulation"
"45","Implantable Cardioverter Defibrillator","/studios/how-devices-work/medical/implantable-cardioverter-defibrillator","Operating principle, signal path, working steps, component functions and quiz","See shared learning references","Text review; not independent certification of every statement, diagram or simulation"
"46","Dialysis Machine","/studios/how-devices-work/medical/dialysis-machine","Operating principle, signal path, working steps, component functions and quiz","See shared learning references","Text review; not independent certification of every statement, diagram or simulation"
"47","CPAP Machine","/studios/how-devices-work/medical/cpap-machine","Operating principle, signal path, working steps, component functions and quiz","See shared learning references","Text review; not independent certification of every statement, diagram or simulation"
"48","BiPAP Machine","/studios/how-devices-work/medical/bipap-machine","Operating principle, signal path, working steps, component functions and quiz","See shared learning references","Text review; not independent certification of every statement, diagram or simulation"
"49","Anesthesia Machine","/studios/how-devices-work/medical/anesthesia-machine","Operating principle, signal path, working steps, component functions and quiz","See shared learning references","Text review; not independent certification of every statement, diagram or simulation"
"50","Electrosurgical Unit","/studios/how-devices-work/medical/electrosurgical-unit","Operating principle, signal path, working steps, component functions and quiz","See shared learning references","Text review; not independent certification of every statement, diagram or simulation"
"51","TENS Machine","/studios/how-devices-work/medical/tens-machine","Operating principle, signal path, working steps, component functions and quiz","See shared learning references","Text review; not independent certification of every statement, diagram or simulation"
"52","Medical Laser System","/studios/how-devices-work/medical/medical-laser-system","Operating principle, signal path, working steps, component functions and quiz","See shared learning references","Text review; not independent certification of every statement, diagram or simulation"
"53","Hearing Aid","/studios/how-devices-work/medical/hearing-aid","Operating principle, signal path, working steps, component functions and quiz","See shared learning references","Text review; not independent certification of every statement, diagram or simulation"
"54","PCR Machine","/studios/how-devices-work/medical/pcr-machine","Operating principle, signal path, working steps, component functions and quiz","https://www.thermofisher.com/us/en/home/life-science/cloning/cloning-learning-center/invitrogen-school-of-molecular-biology/pcr-education/pcr-reagents-enzymes/pcr-cycling-considerations.html","Text review; not independent certification of every statement, diagram or simulation"
"55","Centrifuge","/studios/how-devices-work/medical/centrifuge","Operating principle, signal path, working steps, component functions and quiz","https://www.eppendorf.com/gb-en/lab-academy/life-science/cell-biology/basics-in-centrifugation/","Text review; not independent certification of every statement, diagram or simulation"
"56","Blood Cell Analyzer","/studios/how-devices-work/medical/blood-cell-analyzer","Operating principle, signal path, working steps, component functions and quiz","https://www.sysmex.com/en-us/customer-support/tools/product-comparison/details","Text review; not independent certification of every statement, diagram or simulation"
"57","Automated Chemistry Analyzer","/studios/how-devices-work/medical/automated-chemistry-analyzer","Operating principle, signal path, working steps, component functions and quiz","https://www.beckmancoulter.com/en/products/chemistry/au680?index=0","Text review; not independent certification of every statement, diagram or simulation"
"58","Aircraft Flight Computer","/studios/how-devices-work/aviation/aircraft-flight-computer","Operating principle, signal path, working steps, component functions and quiz","https://www.faa.gov/regulations_policies/handbooks_manuals/aviation","Text review; not independent certification of every statement, diagram or simulation"
"59","Fly-by-Wire System","/studios/how-devices-work/aviation/fly-by-wire","Operating principle, signal path, working steps, component functions and quiz","https://www.faa.gov/regulations_policies/handbooks_manuals/aviation","Text review; not independent certification of every statement, diagram or simulation"
"60","Glass Cockpit","/studios/how-devices-work/aviation/glass-cockpit","Operating principle, signal path, working steps, component functions and quiz","https://www.faa.gov/regulations_policies/handbooks_manuals/aviation","Text review; not independent certification of every statement, diagram or simulation"
"61","Primary Flight Display","/studios/how-devices-work/aviation/primary-flight-display","Operating principle, signal path, working steps, component functions and quiz","https://www.faa.gov/regulations_policies/handbooks_manuals/aviation","Text review; not independent certification of every statement, diagram or simulation"
"62","Air Data Computer","/studios/how-devices-work/aviation/air-data-computer","Operating principle, signal path, working steps, component functions and quiz","https://www.faa.gov/regulations_policies/handbooks_manuals/aviation","Text review; not independent certification of every statement, diagram or simulation"
"63","Inertial Navigation System","/studios/how-devices-work/aviation/inertial-navigation-system","Operating principle, signal path, working steps, component functions and quiz","https://www.faa.gov/air_traffic/publications/aim_html/chap1_section_1.html","Text review; not independent certification of every statement, diagram or simulation"
"64","GPS Navigation System","/studios/how-devices-work/aviation/gps-navigation-system","Operating principle, signal path, working steps, component functions and quiz","https://www.faa.gov/air_traffic/publications/atpubs/aim_html/chap1_section_1.html","Text review; not independent certification of every statement, diagram or simulation"
"65","Engine FADEC Controller","/studios/how-devices-work/aviation/engine-fadec-controller","Operating principle, signal path, working steps, component functions and quiz","https://www.faa.gov/sites/faa.gov/files/04_amtp_ch2.pdf","Text review; not independent certification of every statement, diagram or simulation"
"66","Aircraft Engine Monitoring System","/studios/how-devices-work/aviation/aircraft-engine-monitoring-system","Operating principle, signal path, working steps, component functions and quiz","https://www.faa.gov/newsroom/safety-briefing/engine-maintenance-and-performance-monitoring","Text review; not independent certification of every statement, diagram or simulation"
"67","Drone Flight Controller","/studios/how-devices-work/aviation/drone-flight-controller","Operating principle, signal path, working steps, component functions and quiz","https://docs.px4.io/main/en/flight_stack/controller_diagrams","Text review; not independent certification of every statement, diagram or simulation"
"68","Weather Radar","/studios/how-devices-work/aviation/weather-radar","Operating principle, signal path, working steps, component functions and quiz","https://www.faa.gov/regulations_policies/handbooks_manuals/aviation","Text review; not independent certification of every statement, diagram or simulation"
"69","Radar Altimeter","/studios/how-devices-work/aviation/radar-altimeter","Operating principle, signal path, working steps, component functions and quiz","https://www.faa.gov/regulations_policies/handbooks_manuals/aviation","Text review; not independent certification of every statement, diagram or simulation"
"70","Radio Altimeter","/studios/how-devices-work/aviation/radio-altimeter","Operating principle, signal path, working steps, component functions and quiz","https://www.faa.gov/regulations_policies/handbooks_manuals/aviation","Text review; not independent certification of every statement, diagram or simulation"
"71","Aircraft Transponder","/studios/how-devices-work/aviation/aircraft-transponder","Operating principle, signal path, working steps, component functions and quiz","https://www.faa.gov/air_traffic/publications/atpubs/aim_html/chap4_section_1.html","Text review; not independent certification of every statement, diagram or simulation"
"72","ADS-B System","/studios/how-devices-work/aviation/ads-b-system","Operating principle, signal path, working steps, component functions and quiz","https://www.faa.gov/air_traffic/technology/adsb/faq","Text review; not independent certification of every statement, diagram or simulation"
"73","Traffic Collision Avoidance System","/studios/how-devices-work/aviation/traffic-collision-avoidance-system","Operating principle, signal path, working steps, component functions and quiz","https://www.faa.gov/regulations_policies/handbooks_manuals/aviation","Text review; not independent certification of every statement, diagram or simulation"
"74","Flight Data Recorder","/studios/how-devices-work/aviation/flight-data-recorder","Operating principle, signal path, working steps, component functions and quiz","https://www.faa.gov/regulations_policies/handbooks_manuals/aviation","Text review; not independent certification of every statement, diagram or simulation"
"75","Cockpit Voice Recorder","/studios/how-devices-work/aviation/cockpit-voice-recorder","Operating principle, signal path, working steps, component functions and quiz","https://www.l3harris.com/sites/default/files/2020-08/as-cas-brochure-avionics-srvivr25-cvdr.pdf","Text review; not independent certification of every statement, diagram or simulation"
"76","Satellite Communication Terminal","/studios/how-devices-work/aviation/satellite-communication-terminal","Operating principle, signal path, working steps, component functions and quiz","https://www.itu.int/rec/R-REC-P.525/en","Text review; not independent certification of every statement, diagram or simulation"
"77","Satellite Attitude-Control Computer","/studios/how-devices-work/aviation/satellite-attitude-control-computer","Operating principle, signal path, working steps, component functions and quiz","https://www.nasa.gov/smallsat-institute/sst-soa/guidance-navigation-and-control/","Text review; not independent certification of every statement, diagram or simulation"
"78","Phased-Array Radar","/studios/how-devices-work/defence/phased-array-radar","Operating principle, signal path, working steps, component functions and quiz","https://www.analog.com/en/resources/analog-dialogue/articles/phased-array-antenna-patterns-part1.html","Text review; not independent certification of every statement, diagram or simulation"
"79","Ground Surveillance Radar","/studios/how-devices-work/defence/ground-surveillance-radar","Operating principle, signal path, working steps, component functions and quiz","https://www.analog.com/en/resources/analog-dialogue/articles/phased-array-antenna-patterns-part1.html","Text review; not independent certification of every statement, diagram or simulation"
"80","Passive Radar","/studios/how-devices-work/defence/passive-radar","Operating principle, signal path, working steps, component functions and quiz","https://publica-rest.fraunhofer.de/server/api/core/bitstreams/b6a19994-04ff-4bbe-a0d6-5bb9b3c92ea6/content","Text review; not independent certification of every statement, diagram or simulation"
"81","Air-Defence Radar","/studios/how-devices-work/defence/air-defence-radar","Operating principle, signal path, working steps, component functions and quiz","https://www.analog.com/en/resources/analog-dialogue/articles/phased-array-antenna-patterns-part1.html","Text review; not independent certification of every statement, diagram or simulation"
"82","Thermal Imaging Camera","/studios/how-devices-work/defence/thermal-imaging-camera","Operating principle, signal path, working steps, component functions and quiz","https://support.flir.com/Answers/A4456/IR_Imaging_Radiometry_Handbook.pdf","Text review; not independent certification of every statement, diagram or simulation"
"83","Night-Vision System","/studios/how-devices-work/defence/night-vision-system","Operating principle, signal path, working steps, component functions and quiz","https://www.hamamatsu.com/eu/en/product/optical-sensors/image-sensor/image-intensifier.html","Text review; not independent certification of every statement, diagram or simulation"
"84","Infrared Surveillance Camera","/studios/how-devices-work/defence/infrared-surveillance-camera","Operating principle, signal path, working steps, component functions and quiz","https://whitepapers.axis.com/en-us/ir-in-surveillance","Text review; not independent certification of every statement, diagram or simulation"
"85","Laser Range Finder","/studios/how-devices-work/defence/laser-range-finder","Operating principle, signal path, working steps, component functions and quiz","https://www.analog.com/en/resources/technical-articles/how-to-effectively-design-and-optimize-tia-interfaces-of-lidar-systems.html","Text review; not independent certification of every statement, diagram or simulation"
"86","Software Defined Radio","/studios/how-devices-work/defence/software-defined-radio","Operating principle, signal path, working steps, component functions and quiz","https://hackrf.readthedocs.io/en/latest/hackrf_one.html","Text review; not independent certification of every statement, diagram or simulation"
"87","Secure Digital Radio","/studios/how-devices-work/defence/secure-digital-radio","Operating principle, signal path, working steps, component functions and quiz","https://developer.mozilla.org/en-US/docs/Web/API/SubtleCrypto/encrypt","Text review; not independent certification of every statement, diagram or simulation"
"88","IFF System","/studios/how-devices-work/defence/iff-system","Operating principle, signal path, working steps, component functions and quiz","https://www.faa.gov/air_traffic/publications/atpubs/aim_html/chap4_section_1.html","Text review; not independent certification of every statement, diagram or simulation"
"89","Electronic Identification System","/studios/how-devices-work/defence/electronic-identification-system","Operating principle, signal path, working steps, component functions and quiz","https://www.nxp.com/products/rfid-nfc/nfc-hf:RFID-NFC","Text review; not independent certification of every statement, diagram or simulation"
"90","Inertial Navigation System","/studios/how-devices-work/defence/inertial-navigation-system","Operating principle, signal path, working steps, component functions and quiz","https://www.vectornav.com/resources/inertial-navigation-primer/theory-of-operation/theory-inertial","Text review; not independent certification of every statement, diagram or simulation"
"91","GPS Receiver","/studios/how-devices-work/defence/gps-receiver","Operating principle, signal path, working steps, component functions and quiz","https://www.gps.gov/systems/gps/","Text review; not independent certification of every statement, diagram or simulation"
"92","Electronic Compass","/studios/how-devices-work/defence/electronic-compass","Operating principle, signal path, working steps, component functions and quiz","https://www.nxp.com/docs/en/application-note/AN4248.pdf","Text review; not independent certification of every statement, diagram or simulation"
"93","Satellite Communication Terminal","/studios/how-devices-work/defence/satellite-communication-terminal","Operating principle, signal path, working steps, component functions and quiz","https://www.itu.int/rec/R-REC-P.525/en","Text review; not independent certification of every statement, diagram or simulation"
"94","Perimeter Intrusion Detection System","/studios/how-devices-work/defence/perimeter-intrusion-detection-system","Operating principle, signal path, working steps, component functions and quiz","https://www.optex-europe.com/products/intrusion-detection","Text review; not independent certification of every statement, diagram or simulation"
"95","Biometric Access System","/studios/how-devices-work/defence/biometric-access-system","Operating principle, signal path, working steps, component functions and quiz","https://pages.nist.gov/800-63-4/sp800-63b.html","Text review; not independent certification of every statement, diagram or simulation"
"96","Sonar Detection System","/studios/how-devices-work/defence/sonar-detection-system","Operating principle, signal path, working steps, component functions and quiz","https://oceanservice.noaa.gov/facts/sonar.html","Text review; not independent certification of every statement, diagram or simulation"
"97","Unmanned Surveillance Vehicle Electronics","/studios/how-devices-work/defence/unmanned-surveillance-vehicle-electronics","Operating principle, signal path, working steps, component functions and quiz","https://docs.px4.io/main/en/flight_stack/controller_diagrams.html","Text review; not independent certification of every statement, diagram or simulation"
"98","Marine Radar","/studios/how-devices-work/marine/marine-radar","Operating principle, signal path, working steps, component functions and quiz","https://www.furuno.com/en/technology/radar/basic/","Text review; not independent certification of every statement, diagram or simulation"
"99","Fish Finder","/studios/how-devices-work/marine/fish-finder","Operating principle, signal path, working steps, component functions and quiz","https://oceanservice.noaa.gov/facts/sound.html","Text review; not independent certification of every statement, diagram or simulation"
"100","Depth Sounder","/studios/how-devices-work/marine/depth-sounder","Operating principle, signal path, working steps, component functions and quiz","https://oceanservice.noaa.gov/facts/sound.html","Text review; not independent certification of every statement, diagram or simulation"
"101","GPS Chartplotter","/studios/how-devices-work/marine/gps-chartplotter","Operating principle, signal path, working steps, component functions and quiz","https://www.gps.gov/systems/gps/","Text review; not independent certification of every statement, diagram or simulation"
"102","Automatic Identification System (AIS)","/studios/how-devices-work/marine/ais","Operating principle, signal path, working steps, component functions and quiz","https://www.navcen.uscg.gov/automatic-identification-system-overview","Text review; not independent certification of every statement, diagram or simulation"
"103","Marine Autopilot","/studios/how-devices-work/marine/marine-autopilot","Operating principle, signal path, working steps, component functions and quiz","https://www.simrad-yachting.com/en-us/simrad/type/autopilots/","Text review; not independent certification of every statement, diagram or simulation"
"104","Electronic Compass","/studios/how-devices-work/marine/electronic-compass","Operating principle, signal path, working steps, component functions and quiz","https://www.nxp.com/docs/en/application-note/AN4248.pdf","Text review; not independent certification of every statement, diagram or simulation"
"105","Marine VHF Radio","/studios/how-devices-work/marine/marine-vhf-radio","Operating principle, signal path, working steps, component functions and quiz","https://www.navcen.uscg.gov/us-vhf-channel-information","Text review; not independent certification of every statement, diagram or simulation"
"106","EPIRB Emergency Beacon","/studios/how-devices-work/marine/epirb-emergency-beacon","Operating principle, signal path, working steps, component functions and quiz","https://www.sarsat.noaa.gov/faqs/","Text review; not independent certification of every statement, diagram or simulation"
"107","Dynamic Positioning System","/studios/how-devices-work/marine/dynamic-positioning-system","Operating principle, signal path, working steps, component functions and quiz","https://www.kongsberg.com/maritime/products/positioning-and-manoeuvring/dynamic-positioning/","Text review; not independent certification of every statement, diagram or simulation"
"108","Underwater ROV Control System","/studios/how-devices-work/marine/underwater-rov-control-system","Operating principle, signal path, working steps, component functions and quiz","https://www.ardusub.com/","Text review; not independent certification of every statement, diagram or simulation"
"109","Autonomous Underwater Vehicle Navigation","/studios/how-devices-work/marine/autonomous-underwater-vehicle-navigation","Operating principle, signal path, working steps, component functions and quiz","https://oceanservice.noaa.gov/facts/auv-rov.html","Text review; not independent certification of every statement, diagram or simulation"
"110","Digital Engine Control","/studios/how-devices-work/marine/digital-engine-control","Operating principle, signal path, working steps, component functions and quiz","https://www.nxp.com/applications/automotive/powertrain:POWERTRAIN","Text review; not independent certification of every statement, diagram or simulation"
"111","Servo Motor Controller","/studios/how-devices-work/robotics/servo-motor-controller","Operating principle, signal path, working steps, component functions and quiz","https://www.pololu.com/blog/17/servo-control-interface-in-detail","Text review; not independent certification of every statement, diagram or simulation"
"112","Stepper Motor Controller","/studios/how-devices-work/robotics/stepper-motor-controller","Operating principle, signal path, working steps, component functions and quiz","https://www.ti.com/lit/an/sloa293a/sloa293a.pdf","Text review; not independent certification of every statement, diagram or simulation"
"113","Mobile Robot","/studios/how-devices-work/robotics/mobile-robot","Operating principle, signal path, working steps, component functions and quiz","https://docs.ros.org/en/rolling/p/ros2_controllers/doc/mobile_robot_kinematics.html","Text review; not independent certification of every statement, diagram or simulation"
"114","Line-Following Robot","/studios/how-devices-work/robotics/line-following-robot","Operating principle, signal path, working steps, component functions and quiz","https://www.pololu.com/docs/0J19/all","Text review; not independent certification of every statement, diagram or simulation"
"115","Self-Balancing Robot","/studios/how-devices-work/robotics/self-balancing-robot","Operating principle, signal path, working steps, component functions and quiz","https://ctms.engin.umich.edu/CTMS/index.php?example=InvertedPendulum&section=SystemModeling","Text review; not independent certification of every statement, diagram or simulation"
"116","Industrial Robot Controller","/studios/how-devices-work/robotics/industrial-robot-controller","Operating principle, signal path, working steps, component functions and quiz","https://www.fanucamerica.com/products/robots/controllers","Text review; not independent certification of every statement, diagram or simulation"
"117","Collaborative Robot","/studios/how-devices-work/robotics/collaborative-robot","Operating principle, signal path, working steps, component functions and quiz","https://www.universal-robots.com/manuals/EN/HTML/SW5_19/Content/prod-scriptmanual/G5/force_mode_task_frame_selection_vector.htm","Text review; not independent certification of every statement, diagram or simulation"
"118","LiDAR Mapping Robot","/studios/how-devices-work/robotics/lidar-mapping-robot","Operating principle, signal path, working steps, component functions and quiz","https://docs.nav2.org/rolling/getting_started/navigation_concepts/navigation_servers/","Text review; not independent certification of every statement, diagram or simulation"
"119","SLAM Navigation System","/studios/how-devices-work/robotics/slam-navigation-system","Operating principle, signal path, working steps, component functions and quiz","https://docs.nav2.org/jazzy/configuration_and_development/","Text review; not independent certification of every statement, diagram or simulation"
"120","Autonomous Mobile Robot","/studios/how-devices-work/robotics/autonomous-mobile-robot","Operating principle, signal path, working steps, component functions and quiz","https://docs.ros.org/en/rolling/p/ros2_controllers/doc/mobile_robot_kinematics.html","Text review; not independent certification of every statement, diagram or simulation"
"121","Warehouse Robot","/studios/how-devices-work/robotics/warehouse-robot","Operating principle, signal path, working steps, component functions and quiz","https://docs.nav2.org/rolling/getting_started/navigation_concepts/navigation_servers/","Text review; not independent certification of every statement, diagram or simulation"
"122","Machine-Vision System","/studios/how-devices-work/robotics/machine-vision-system","Operating principle, signal path, working steps, component functions and quiz","https://www.cognex.com/what-is/machine-vision","Text review; not independent certification of every statement, diagram or simulation"
"123","Quadruped Robot","/studios/how-devices-work/robotics/quadruped-robot","Operating principle, signal path, working steps, component functions and quiz","https://github.com/unitreerobotics/unitree_ros","Text review; not independent certification of every statement, diagram or simulation"
"124","Wi-Fi Router","/studios/how-devices-work/everyday/wi-fi-router","Operating principle, signal path, working steps, component functions and quiz","https://www.cisco.com/c/en/us/support/docs/wireless/catalyst-9800-series-wireless-controllers/221766-validate-wi-fi-throughput-testing-and.html","Text review; not independent certification of every statement, diagram or simulation"
"125","Bluetooth Headphones","/studios/how-devices-work/everyday/bluetooth-headphones","Operating principle, signal path, working steps, component functions and quiz","https://www.bluetooth.com/learn-about-bluetooth/feature-enhancements/le-audio/le-audio-specifications/","Text review; not independent certification of every statement, diagram or simulation"
"126","Smartwatch","/studios/how-devices-work/everyday/smartwatch","Operating principle, signal path, working steps, component functions and quiz","https://www.analog.com/en/resources/technical-articles/accelerometer-and-gyroscopes-sensors-operation-sensing-and-applications.html","Text review; not independent certification of every statement, diagram or simulation"
"127","RFID Access Card","/studios/how-devices-work/everyday/rfid-access-card","Operating principle, signal path, working steps, component functions and quiz","https://www.hidglobal.com/products/1326","Text review; not independent certification of every statement, diagram or simulation"
"128","Barcode Scanner","/studios/how-devices-work/everyday/barcode-scanner","Operating principle, signal path, working steps, component functions and quiz","https://www.gs1.org/standards/barcodes/ean-upc","Text review; not independent certification of every statement, diagram or simulation"
"129","QR Code Scanner","/studios/how-devices-work/everyday/qr-code-scanner","Operating principle, signal path, working steps, component functions and quiz","https://github.com/cozmo/jsQR","Text review; not independent certification of every statement, diagram or simulation"
"130","Biometric Fingerprint Scanner","/studios/how-devices-work/everyday/biometric-fingerprint-scanner","Operating principle, signal path, working steps, component functions and quiz","https://www.nist.gov/programs-projects/fingerprint","Text review; not independent certification of every statement, diagram or simulation"
"131","CCTV Camera","/studios/how-devices-work/everyday/cctv-camera","Operating principle, signal path, working steps, component functions and quiz","https://www.axis.com/learning/web-articles/network-video-compression","Text review; not independent certification of every statement, diagram or simulation"
"132","IR Camera","/studios/how-devices-work/everyday/ir-camera","Operating principle, signal path, working steps, component functions and quiz","https://docs.flir.com/T810605/en-US/latest/s10.html","Text review; not independent certification of every statement, diagram or simulation"
"133","Television","/studios/how-devices-work/everyday/television","Operating principle, signal path, working steps, component functions and quiz","https://www.ti.com/solution/lcd-tv","Text review; not independent certification of every statement, diagram or simulation"
"134","Digital Door Lock","/studios/how-devices-work/everyday/digital-door-lock","Operating principle, signal path, working steps, component functions and quiz","https://www.ti.com/solution/smart-door-lock","Text review; not independent certification of every statement, diagram or simulation"
"135","Microwave Oven Controller","/studios/how-devices-work/everyday/microwave-oven-controller","Operating principle, signal path, working steps, component functions and quiz","https://www.fda.gov/radiation-emitting-products/resources-you-radiation-emitting-products/microwave-ovens","Text review; not independent certification of every statement, diagram or simulation"
"136","Washing Machine Controller","/studios/how-devices-work/everyday/washing-machine-controller","Operating principle, signal path, working steps, component functions and quiz","https://www.ti.com/solution/washing-machine","Text review; not independent certification of every statement, diagram or simulation"
"137","Induction Cooktop","/studios/how-devices-work/everyday/induction-cooktop","Operating principle, signal path, working steps, component functions and quiz","https://www.infineon.com/applications/consumer-electronics/home-appliances/induction-cookers","Text review; not independent certification of every statement, diagram or simulation"
"138","Smart Energy Meter","/studios/how-devices-work/everyday/smart-energy-meter","Operating principle, signal path, working steps, component functions and quiz","https://www.analog.com/en/products/ade7753.html","Text review; not independent certification of every statement, diagram or simulation"
"139","GPS Receiver","/studios/how-devices-work/everyday/gps-receiver","Operating principle, signal path, working steps, component functions and quiz","https://www.gps.gov/gps-accuracy","Text review; not independent certification of every statement, diagram or simulation"
"140","Digital Multimeter","/studios/how-devices-work/everyday/digital-multimeter","Operating principle, signal path, working steps, component functions and quiz","https://www.fluke.com/en-us/learn/blog/digital-multimeters/how-to-measure-dc-voltage-with-digital-multimeter","Text review; not independent certification of every statement, diagram or simulation"